{"root": 0.31022705514917465, "majmin": 0.2852792120859697, "mirex": 0.2852792120859697, "third": 0.2852792120859697, "seventh": 0.2852792120859697}