{"train_losses": [3.2179770916700363, 3.2148284018039703, 3.2108781784772873, 3.2067867517471313, 3.20319564640522, 3.199100434780121, 3.1952085494995117, 3.190948486328125, 3.188206985592842, 3.182559445500374, 3.1778408885002136, 3.1712829172611237, 3.1654527336359024, 3.1587848365306854, 3.153903439640999, 3.145831897854805, 3.1359450072050095, 3.1261018365621567, 3.1155205368995667, 3.100331872701645, 3.0896860659122467, 3.0853778570890427, 3.064805656671524, 3.0408906787633896, 3.0382148027420044, 3.02500456571579, 3.014186829328537, 2.996919885277748, 2.983578532934189, 2.9917766004800797, 2.9931196123361588, 2.979300245642662, 2.9581466168165207, 2.9768148958683014, 2.9525232166051865, 2.9903044551610947, 2.972076967358589, 2.952060803771019, 2.955150842666626, 2.9435389041900635, 2.9544915854930878, 2.951789602637291, 2.9448186457157135, 2.9349119812250137, 2.95115265250206, 2.9366685301065445, 2.9274443984031677, 2.9325450360774994, 2.9464898705482483, 2.917156606912613, 2.9187091588974, 2.9162072390317917, 2.9359495639801025, 2.901436597108841, 2.8954105377197266, 2.8928432911634445, 2.898149862885475, 2.854469656944275, 2.8633978962898254, 2.840577021241188, 2.843153342604637, 2.8183376640081406, 2.8322864770889282, 2.8097229450941086, 2.821522817015648, 2.8060120940208435, 2.7765782475471497, 2.7606954276561737, 2.769370272755623, 2.76383113861084, 2.7400830537080765, 2.7428414821624756, 2.752741426229477, 2.7485235184431076, 2.695255011320114, 2.711768478155136, 2.7101041078567505, 2.6959973722696304, 2.6644417345523834, 2.68077452480793, 2.6531488448381424, 2.6657965779304504, 2.635061636567116, 2.661998227238655, 2.6391358375549316, 2.6283193826675415, 2.601379245519638, 2.5993126779794693, 2.5823124945163727, 2.5785415172576904, 2.557143822312355, 2.5665042102336884, 2.5362323820590973, 2.5590597838163376, 2.526279717683792, 2.5109599232673645, 2.5309647023677826, 2.516591489315033, 2.4852772653102875, 2.4835119992494583], "val_losses": [3.216098081106427, 3.2121834480899505, 3.208058173629059, 3.203877476440079, 3.1996796761436026, 3.194952013848842, 3.1903215879681466, 3.1852039468699487, 3.179919681329837, 3.1745633284250894, 3.1682419831725372, 3.162263957933448, 3.1551394709225358, 3.1458025499321947, 3.136830524466504, 3.1265746450972283, 3.1158914922297685, 3.1054627785737487, 3.087231833359291, 3.0702816097215675, 3.0532839133821685, 3.0375694762701277, 3.0189188431049216, 2.9962813689790924, 2.9763075866918456, 2.9604533020107224, 2.946654640395066, 2.9356714391160286, 2.926542849376284, 2.919746091996116, 2.9152816492935707, 2.9123953183492026, 2.9061764903452203, 2.9032110729436766, 2.898835184930385, 2.897126030647892, 2.894687611481239, 2.8919736215437966, 2.8881567785109596, 2.885370065426004, 2.88316464972222, 2.8812825515352447, 2.878592038976735, 2.8736304496896676, 2.871393510665017, 2.868365792022354, 2.8622285881261718, 2.8586418628692627, 2.858966545126904, 2.8562173295295104, 2.847460872825535, 2.8437136534986824, 2.8381130503511978, 2.8335278774129935, 2.8253780206044516, 2.8197410709556494, 2.8119467181720954, 2.8038100757818114, 2.7920797063016343, 2.783768078376507, 2.7723193086426834, 2.762924279289684, 2.755772516645234, 2.746985926025215, 2.7400963333831436, 2.733409843225589, 2.7279206692487343, 2.7192221975874626, 2.7089107146208313, 2.7018813484016504, 2.6965546827206666, 2.6885349394261153, 2.6779903653024255, 2.671263228887799, 2.6638976760294244, 2.654222255465628, 2.645080204667716, 2.6385140227175308, 2.6317348781673386, 2.621140817116047, 2.6166642616535056, 2.6081760395532365, 2.5975925566136153, 2.5819458084544915, 2.58230507510832, 2.574868473513373, 2.561619018686229, 2.5500995920992446, 2.5372334485766532, 2.535065080927706, 2.5168333245419907, 2.5087087647668245, 2.49765463807117, 2.4914785966105844, 2.4863270068990775, 2.4773414107574814, 2.468673796489321, 2.4572810743046904, 2.4440956307553696, 2.4331258316149658], "val_accuracies": [0.07711288187749014, 0.08031605044444594, 0.08065870717630697, 0.08084347306113399, 0.081080309331685, 0.08173202899816578, 0.08318328103898896, 0.0860874648104974, 0.0873791463144245, 0.09199493405537601, 0.09706927712867096, 0.10810651921229264, 0.12017173149149742, 0.1356433548109677, 0.14193883241398308, 0.1450428992790771, 0.15050021164092262, 0.15419049026787693, 0.1511704078958861, 0.14663356557845159, 0.1377211311703407, 0.13068155095843104, 0.12144997547652801, 0.12140966291983848, 0.12522759797630967, 0.1184802838003991, 0.11544508421964969, 0.11750438399053999, 0.12067059938053037, 0.1223939611790079, 0.12297681356114407, 0.12288443061873056, 0.12272486008183449, 0.11976860592460208, 0.12107708432714984, 0.11954016810336139, 0.12038001303439333, 0.12100653735294316, 0.11926469896598292, 0.11914376129591432, 0.12046567721735858, 0.1251419337933444, 0.12449021412686362, 0.12134583470508005, 0.12315150130679871, 0.12456412048079443, 0.12610439608430699, 0.13363276604607724, 0.1447875864200434, 0.15429631072918695, 0.14653278418672777, 0.14520079012611112, 0.16624058533832314, 0.17450465945967736, 0.17894911883469836, 0.19138050350383307, 0.1918289806970041, 0.19362624884941246, 0.19071198693873162, 0.1890574924245987, 0.18579217533274656, 0.1957107439682337, 0.19369847551348118, 0.19099921390514454, 0.19740051196946995, 0.20426876381544912, 0.18958491504128677, 0.1905272210539046, 0.18762975604184443, 0.19518164166168359, 0.19125452676417826, 0.19979407002291097, 0.19704273802885036, 0.20043067248063318, 0.20652290761033884, 0.2151481150520368, 0.22620887279372737, 0.2235751190900112, 0.22523297298386827, 0.22796078931985997, 0.23213145924736456, 0.2310430202167472, 0.2359325974052151, 0.2398193997460309, 0.2375551778119688, 0.23737041192714178, 0.2372393961179008, 0.24462331275153357, 0.24627444788594233, 0.24914335817034744, 0.24849499788359078, 0.25126648615599617, 0.25343664545778266, 0.25607543823108503, 0.25399598218184993, 0.2524389096797167, 0.25579660971398244, 0.2532401217439212, 0.2673747119331887, 0.27071393537897165]}