{"root": 0.7252546741907514, "majmin": 0.6871455723808195, "mirex": 0.6871455723808195, "third": 0.6871455723808195, "seventh": 0.6871455723808195}