{"train_losses": [3.0432093143463135, 2.735747143626213, 2.025176964700222, 1.6050930097699165, 1.3883885517716408, 1.3100267872214317, 1.2556261084973812, 1.1876629516482353, 1.1737577803432941, 1.1283296085894108, 1.123872596770525, 1.1300474777817726, 1.0827896930277348, 1.1330598890781403, 1.0421705506742, 1.037567812949419, 1.0230799093842506, 1.0128123834729195, 0.9616549722850323, 0.949910182505846, 0.9703636765480042, 0.9721960164606571, 0.9683976210653782, 0.9318140968680382, 0.9513614811003208, 0.9290732145309448, 0.941706221550703, 0.8963560089468956, 0.9098117500543594, 0.912803940474987, 0.932145994156599, 0.8816951401531696, 0.8921761848032475, 0.8841780573129654, 0.8565076626837254, 0.927223727107048, 0.8770194314420223, 0.8846177272498608, 0.8401701636612415, 0.8779810927808285, 0.8707288131117821, 0.8845218941569328, 0.8412153758108616, 0.8241163976490498, 0.8421137928962708, 0.8434898816049099, 0.8487438894808292, 0.8443922363221645, 0.8905420452356339, 0.8350709341466427, 0.8733198344707489, 0.8090536557137966, 0.802774865180254, 0.8353043980896473, 0.8592196963727474, 0.8152892664074898, 0.8329044282436371, 0.8671040050685406, 0.8722403980791569, 0.9072272554039955, 0.9386040680110455, 1.2186791114509106, 3.529977023601532, 3.184124171733856, 3.048404783010483, 3.0103356540203094, 3.0216233283281326, 3.0035551339387894, 3.043925166130066, 3.0392506569623947, 3.0435166507959366, 3.0134086906909943, 2.98232039809227, 2.927649572491646, 2.811845526099205, 2.5628441721200943, 2.1304467916488647, 1.7708620727062225, 1.5705990642309189, 1.4337583109736443, 1.2870563939213753, 1.2385866045951843, 1.1612395234405994, 1.1482315175235271, 1.091649193316698, 1.084626391530037, 1.0512075647711754, 1.0027960389852524, 0.99183763936162, 0.9419067390263081, 0.9991082288324833, 0.9255106039345264, 0.9742027595639229, 0.9527370259165764, 0.9404216110706329, 0.9464131072163582, 0.8932309485971928, 0.9484486505389214, 0.8978347145020962, 0.9047366604208946], "val_losses": [2.8724305629730225, 2.3198949112289253, 1.7624214257317028, 1.4759714555466312, 1.3262086935426998, 1.2645929250223884, 1.196305250299388, 1.1768772533570213, 1.135528959762091, 1.1240024689970345, 1.1038859589346524, 1.084984325814521, 1.0986508288602719, 1.0941185985488453, 1.040355306932296, 1.024162432243084, 1.012837133873468, 1.0056173225928997, 0.9636509493849743, 0.9768479062222887, 0.9546636987006527, 0.9465958935090866, 0.9417764914446863, 0.9423682182684712, 0.9338610179122837, 0.9257166186968485, 0.9181022424807493, 0.9144790432919031, 0.9300100563586443, 0.8949320436209097, 0.8989645622927567, 0.8858621158133978, 0.8827602284393091, 0.8839960492205345, 0.8720093417441708, 0.866603480330829, 0.8494435524803469, 0.8445262888382221, 0.8884638650663967, 0.8730030159155527, 0.8595033503811935, 0.8516445574404179, 0.85658540157066, 0.8485518728179493, 0.8548509149715818, 0.835854991414081, 0.8753543002852078, 0.8739851833074942, 0.8857817238774793, 0.8209753159818978, 0.8322806392592945, 0.8069697796613321, 0.8462993413552471, 0.8084653708441504, 0.8139760867617596, 0.8485910926742115, 0.8572828779960501, 0.8888614499705961, 0.8936719921813614, 0.8966405830164065, 1.175487669720047, 1.4579271098663067, 3.3666729653018646, 3.009750437462467, 2.971858112291358, 2.961871292399264, 2.966636876950319, 2.975153098161193, 3.009997230836715, 2.9674097532513497, 2.9549927081184824, 2.948850681041849, 2.8790853242764527, 2.784505011021406, 2.610676099514139, 2.2744130389443757, 1.904322799594923, 1.6336897221104851, 1.4667062019479686, 1.3398133571120514, 1.2594055533409119, 1.1844686338271218, 1.1403006068591415, 1.1073545046236324, 1.0714120337332802, 1.0476918789162033, 1.0516719653688629, 1.0057461556346936, 1.0101352820451233, 0.9698403066602247, 0.9676410740819471, 0.9519746372069435, 0.9454339146614075, 0.9337558602464611, 0.9248582343945558, 0.944784539869462, 0.9185434826489153, 0.9089871487398257, 0.9206683536370596, 0.8933148044964363], "val_accuracies": [0.21342979232314546, 0.3247781129692214, 0.44689828470071286, 0.5477283874305449, 0.5784213602800379, 0.5979863877933579, 0.6181980959035723, 0.6275976403716818, 0.6373767947486176, 0.6399870327942648, 0.6448631724638363, 0.6503389614141645, 0.643358170347427, 0.6454846577128, 0.6636538629507448, 0.6654124982363256, 0.6670753911997689, 0.6712040688807218, 0.6836640082775116, 0.6800056437579365, 0.6845273688666125, 0.686222175937435, 0.6904533146999738, 0.6883520226825319, 0.6887921014263926, 0.6897310480592863, 0.6926570677990016, 0.6927595288805874, 0.6885955777125311, 0.6987190685111901, 0.6961760180600254, 0.7022564953606966, 0.6995269993348429, 0.6984352009245013, 0.7036959895724854, 0.7068034158173034, 0.7129661979212158, 0.7109589685360495, 0.6954806264571309, 0.7049725538676539, 0.7093347084394337, 0.7084612697111605, 0.7100956079469487, 0.7098251778791564, 0.7063398214153739, 0.7124639706524587, 0.7010219233120797, 0.6995253196449808, 0.6978893017193305, 0.7154403810880359, 0.7119029542385295, 0.7211530063089151, 0.7125798692529411, 0.7217375383809134, 0.7183983149351304, 0.7069445097657169, 0.7095144352546746, 0.7035179424471065, 0.6972980508878841, 0.6950892587192701, 0.6164058668207503, 0.5221534295907604, 0.11842317434508892, 0.08798047528504337, 0.08159597411933861, 0.10811155828187884, 0.09595900212984675, 0.07892526723865706, 0.062051102884363434, 0.11024644409656201, 0.08788473296290573, 0.10674932980374503, 0.14521422764500763, 0.1683066038686617, 0.23527079959956193, 0.32331846247908785, 0.42321633733547437, 0.48732506030086603, 0.5396457198142934, 0.5690117376727561, 0.5978234578767376, 0.616345397985716, 0.6292823693033318, 0.6359944099921391, 0.6469006362665197, 0.657823659439521, 0.6595134274407574, 0.6665059763365292, 0.6662758588254265, 0.6769301316204976, 0.680858926207865, 0.6810873640291056, 0.6854579170501959, 0.6891918676135639, 0.6915568709393498, 0.6858425660286085, 0.6926856225266567, 0.6940209759669974, 0.6949515241505808, 0.6996076244482219]}