{"root": 0.7307021738785586, "majmin": 0.6864917705396698, "mirex": 0.6864917705396698, "third": 0.6864917705396698, "seventh": 0.6864917705396698}