{"train_losses": [2.9965656101703644, 2.859488695859909, 2.447086066007614, 2.0370015501976013, 1.7885360419750214, 1.6415911614894867, 1.4113675653934479, 1.305701993405819, 1.2907509431242943, 1.2169878333806992, 1.1810899674892426, 1.1846671551465988, 1.189348317682743, 1.1430121436715126, 1.1545555293560028, 1.0952184796333313, 1.0887423306703568, 1.099222507327795, 1.0977616161108017, 1.0882500112056732, 1.0726820603013039, 1.0393113978207111, 1.0561296865344048, 1.0644156821072102, 1.0163977034389973, 1.03893768414855, 1.0565429851412773, 1.0152516178786755, 1.0394742377102375, 1.0130391605198383, 1.0203318372368813, 1.0250900834798813, 0.9880671910941601, 1.0022425651550293, 1.0032300800085068, 0.9956758506596088, 0.9904416799545288, 0.9989913068711758, 0.9661600179970264, 1.0127742663025856, 0.9346062391996384, 0.924911230802536, 0.9574604593217373, 0.9653532020747662, 1.002955749630928, 0.9601096510887146, 0.9580749683082104, 0.9633664526045322, 0.9842761568725109, 0.9716974720358849, 0.937785804271698, 0.9531667307019234, 0.9902846291661263, 0.9635887481272221, 1.012344527989626, 0.942393958568573, 0.9181544743478298, 0.93230389803648, 0.9280065260827541, 0.9331707134842873, 0.9126834943890572, 0.9638393335044384, 0.917330052703619, 0.9238836281001568, 0.9001447632908821, 0.943415954709053, 0.9476858973503113, 0.9452514462172985, 0.9523446746170521, 0.9109970778226852, 0.9076700955629349, 0.8825681060552597, 0.9011173136532307, 0.8914067782461643, 0.9358848966658115, 0.8787135370075703, 0.8990588262677193, 0.9047777131199837, 0.9243274331092834, 0.8784961812198162, 0.8600069582462311, 0.8685129024088383, 0.9065002799034119, 0.9124038256704807, 0.9240089878439903, 0.8854661248624325, 0.8960105702280998, 0.8913382776081562, 0.8996494933962822, 0.9186553210020065, 0.8769719451665878, 0.8998374491930008, 0.894558984786272, 0.8959526680409908, 0.9031827449798584, 0.8586992658674717, 0.9015489779412746, 0.895749531686306, 0.8763254322111607, 0.8876249678432941], "val_losses": [2.998006346581996, 2.7698390374238464, 2.320844306342903, 2.0069608715758926, 1.8355223036360466, 1.6691157550647342, 1.4623396204805923, 1.3997422641721264, 1.329610273070719, 1.314740981178722, 1.3324804237519188, 1.2801322779436222, 1.299973920844067, 1.2191244781702415, 1.2406048014246185, 1.2146256038512306, 1.2253689676865764, 1.1844688119559452, 1.2181035280227661, 1.1847273851263111, 1.1997162343441754, 1.1984921680099663, 1.15015281342912, 1.1242573829903, 1.1408819672705113, 1.1339864086830753, 1.1360913926157459, 1.1094234763890847, 1.1249970821128494, 1.0897885088262886, 1.1125935898430046, 1.104101651016323, 1.121299498382656, 1.0770496664376095, 1.1071261023652965, 1.060565335312109, 1.1251980025192787, 1.093713680903117, 1.0820562860061382, 1.074532165609557, 1.0951539867225735, 1.0734066113658336, 1.0550400457162967, 1.1138463136793553, 1.0387974477362358, 1.060125095405798, 1.073678888123611, 1.0211274247059876, 1.0855699935178647, 1.0090731861947597, 1.0845561075484615, 1.0512342809260578, 1.0568315434729916, 1.0614974169895566, 1.0876959027915165, 1.0487158387556843, 1.0305646815519223, 1.0279629984121212, 1.0320972642679325, 1.040511663617759, 1.047323865452032, 1.0152441831840866, 1.0444661378860474, 1.0199107849734954, 1.0338930830188182, 1.0017108588383115, 1.0144806634420636, 1.0427575056580292, 1.0535963554491943, 0.997973733249752, 0.9998925222062517, 1.042955132736557, 1.0290749100432999, 0.9956652789280332, 1.0254048876378727, 1.0242354308051624, 0.99991198243766, 1.0106757029719737, 0.9809188058321503, 1.002276626469075, 1.0014636427506634, 0.9766228664880512, 0.9677528026460231, 0.9948519386094192, 0.9741468385033224, 0.9733563099784412, 1.0118434305848747, 0.9751832423538997, 0.9581992999575604, 0.9877943382866081, 1.0077453368696674, 0.9940156823602216, 1.0170673686882545, 0.9849285914980132, 0.9602442106296276, 0.961848166482202, 0.9603017780972624, 0.9596434286956129, 0.9713009732893143, 1.0050476796325596], "val_accuracies": [0.11905305804336287, 0.1203951302431519, 0.2972311992313739, 0.38366971922304266, 0.4420120668919691, 0.5122684547525145, 0.5628791899863609, 0.5770574521120421, 0.5880527019491121, 0.5986145918017697, 0.5998793982679038, 0.6146405127757211, 0.6080225347191894, 0.6278311172625086, 0.6153123887205466, 0.6250377930218964, 0.6234924783487977, 0.6301524486518809, 0.6162093431068888, 0.6340375713028347, 0.6337167505391804, 0.6364412074954481, 0.638910351592682, 0.6382099209202013, 0.6441627417913557, 0.642622466187843, 0.6457853221981094, 0.6480092315754818, 0.6436571551428745, 0.6477455202671378, 0.6445608282886648, 0.6456576657685925, 0.6475758715910694, 0.654848928693806, 0.6502499378514751, 0.6529979104658116, 0.6529458400800876, 0.6518657994987805, 0.6531759575911904, 0.6552772496086323, 0.6531121293764319, 0.655166390077736, 0.6620547982020599, 0.6458054784764541, 0.6568662362181447, 0.6601433111390312, 0.6531474028635352, 0.6623638611366798, 0.6582015896584854, 0.6649455444546719, 0.6579681127676585, 0.6551294369007706, 0.6571349865960749, 0.6547582254412545, 0.6482427084663088, 0.6625116738445413, 0.6599854202919972, 0.6588919421917937, 0.6610285076963389, 0.6552151010837359, 0.6622210874984042, 0.6632322607953668, 0.6541720136793943, 0.6641191370425364, 0.6715903975489965, 0.6707757479658956, 0.6684141040198338, 0.6598426466537218, 0.6627770648427475, 0.6724184846509941, 0.6702768800768626, 0.663265854592608, 0.6667848048536318, 0.66910277686328, 0.6617222196093713, 0.6569367831923514, 0.6677338296256979, 0.663949488366468, 0.6779329064681497, 0.6672131257684581, 0.673021493311475, 0.6759374349120179, 0.6892960083850118, 0.6758232160013975, 0.6740696197854028, 0.6741838386960232, 0.6691128550024523, 0.6746709487560217, 0.6808690043470373, 0.6686274246323158, 0.6624092127629555, 0.6742695028789885, 0.6655115999381874, 0.6691212534517627, 0.6779362658478738, 0.6768814206144977, 0.6840620947748208, 0.6850883852805418, 0.673653056699611, 0.6683234007672824]}