{"root": 0.6960771432552786, "majmin": 0.6540601297450597, "mirex": 0.6540601297450597, "third": 0.6540601297450597, "seventh": 0.6540601297450597}