{"train_losses": [3.200981542468071, 3.1585242450237274, 3.097254201769829, 3.0013348907232285, 2.978843316435814, 2.9386407136917114, 2.9048624336719513, 2.870472475886345, 2.7950525134801865, 2.676766738295555, 2.5468578785657883, 2.4359129667282104, 2.288307100534439, 2.2223707139492035, 2.110269568860531, 2.081130728125572, 2.0122300013899803, 2.0031620264053345, 1.951977588236332, 1.9161492213606834, 1.9017979353666306, 1.8542968407273293, 1.844015508890152, 1.769061155617237, 1.7898507714271545, 1.6967570781707764, 1.678391918540001, 1.6373231709003448, 1.5946185365319252, 1.5402793884277344, 1.5481782853603363, 1.518124245107174, 1.4785942509770393, 1.4242616891860962, 1.4160360097885132, 1.4076525792479515, 1.4074413552880287, 1.3654378429055214, 1.374192699790001, 1.3241914138197899, 1.3135100156068802, 1.306515909731388, 1.3456720262765884, 1.2770918980240822, 1.3080985993146896, 1.2677676901221275, 1.262256771326065, 1.276178628206253, 1.2521802112460136, 1.2327672466635704, 1.2186176255345345, 1.2292496114969254, 1.2291909903287888, 1.196329578757286, 1.2037896513938904, 1.2049504853785038, 1.188386969268322, 1.1624285317957401, 1.18269619718194, 1.190615065395832, 1.1953264027833939, 1.181275811046362, 1.1419197581708431, 1.207468181848526, 1.190866868942976, 1.148118995130062, 1.174830574542284, 1.1453257538378239, 1.163374625146389, 1.1602673679590225, 1.1496678665280342, 1.1478995233774185, 1.1414732486009598, 1.124192152172327, 1.1089022643864155, 1.1195416525006294, 1.121332935988903, 1.1234230510890484, 1.0931642577052116, 1.1033685989677906, 1.1156805343925953, 1.1684824638068676, 1.1123857349157333, 1.139643732458353, 1.1548948884010315, 1.1172267608344555, 1.1000634990632534, 1.1200545877218246, 1.0612090863287449, 1.0660378001630306, 1.0895310640335083, 1.0715920366346836, 1.0416589230298996, 1.0829175487160683, 1.0881403982639313, 1.0783462673425674, 1.1368835791945457, 1.0975830927491188, 1.0404409505426884, 1.0659350827336311], "val_losses": [3.1722304382543456, 3.1095607965842063, 2.9926689739885, 2.9083328247070312, 2.8886693236471594, 2.857828885659404, 2.824908064699721, 2.7656084586834084, 2.6727640108130446, 2.5695643178347884, 2.4315819425144416, 2.3299468865339783, 2.214013836849695, 2.120202883906748, 2.0616926064436463, 1.9999046627132373, 1.9606098101056855, 1.9312455023842297, 1.8907295054402844, 1.8627089316817536, 1.8271259946384648, 1.800610928699888, 1.7683377608485606, 1.7457289832761917, 1.705988196120865, 1.6713602953943714, 1.6424950909340519, 1.5926693623093353, 1.5547099421764243, 1.5117970670776806, 1.4923057741132275, 1.4659487310497241, 1.4336942023244397, 1.4222572137569558, 1.4027266002249443, 1.3837014272295196, 1.3628760788632535, 1.3497290344073856, 1.3461507778058106, 1.3217290317875214, 1.3150918415223045, 1.3072244038527039, 1.2929848151645442, 1.2817049417002448, 1.289987447618068, 1.2646629399266736, 1.2583152521615741, 1.2521463872372418, 1.247217337975557, 1.243463821109684, 1.2266479648392776, 1.228433078047873, 1.2129250408589154, 1.2129912705257022, 1.2115068730266614, 1.1960127703074752, 1.1922453210271637, 1.191844871674461, 1.1748629931745858, 1.1727329321291255, 1.1734119968852779, 1.18602836474605, 1.1667960361502636, 1.1637137751469666, 1.1663471576811253, 1.1618999420911416, 1.1590236678890797, 1.1445809794568467, 1.1464794374060356, 1.1392659880649085, 1.1463544457808308, 1.1489863176455444, 1.136849001221273, 1.1323351483235413, 1.1325612821798214, 1.1252906822610176, 1.1273393178808278, 1.1201283931732178, 1.1180029305918464, 1.113968464149826, 1.109924803520071, 1.1121581361211579, 1.125880372250217, 1.1063287484234776, 1.1069964828162357, 1.1108566687024872, 1.095379338867363, 1.0968118131845848, 1.095689512532333, 1.0922223295288525, 1.086479800185938, 1.0805904693987178, 1.0808126296120129, 1.0849907994270325, 1.078953494970826, 1.085774931414374, 1.0786302363735505, 1.0714513851308274, 1.0711200346891907, 1.0717060586501812], "val_accuracies": [0.08327230460167835, 0.13948144614578364, 0.10288940250072226, 0.12475392543520765, 0.12953264309277934, 0.18029790979393565, 0.20344067671345162, 0.24820777091717786, 0.23163427104819367, 0.2715705772086242, 0.2762384353352997, 0.2884968119486418, 0.3388052030073167, 0.35544757016064554, 0.3571709319591231, 0.37544427796851587, 0.3805203007316729, 0.3846909706591775, 0.3950059461021117, 0.4122798766435765, 0.4188911359406599, 0.4312250985977949, 0.4419129651901073, 0.44898949857898235, 0.4607154135060502, 0.4764944200702782, 0.48138567694860823, 0.4979440596088338, 0.5077719249917695, 0.5183422132937374, 0.5276224997816403, 0.5379945846798847, 0.5449132272217257, 0.5470867459032365, 0.5544034749423866, 0.5601278579923002, 0.568825292098067, 0.5722199453092981, 0.5723123282517116, 0.5784012040016931, 0.5823719908356121, 0.5868349267991159, 0.5883701633330422, 0.5934041938496476, 0.5929792323145454, 0.5971079099954985, 0.5991554519373543, 0.6027617460712054, 0.6077722609297419, 0.6081266754906374, 0.6120017200024187, 0.6119261339586258, 0.6164142652700605, 0.614611958048066, 0.6147009816107554, 0.6188699718483979, 0.6187288778999845, 0.6211308344027359, 0.6242466590968644, 0.6240719713512097, 0.6228995478274891, 0.6207562635634957, 0.6278731095090603, 0.6270853349637523, 0.6261883805774102, 0.6296602995222962, 0.6288305327304367, 0.632786202355597, 0.6318825292098067, 0.6352234323454518, 0.63102252800043, 0.6328651477791141, 0.6361606992884834, 0.6359792927833805, 0.6370526146052393, 0.6397082042771622, 0.6384030852543386, 0.638228397508684, 0.639516719632887, 0.6415323474673637, 0.6431179746971519, 0.6395368759112318, 0.6357357377533812, 0.6439326242802529, 0.64306758400129, 0.6412669564691575, 0.6469006362665197, 0.6459751271525226, 0.6451520791201113, 0.6458978614188676, 0.6479151689432063, 0.6492639599024436, 0.6501189220422341, 0.6485097791543769, 0.6510041185995418, 0.6476783326726553, 0.6509738841820246, 0.6509722044921625, 0.6502247425035441, 0.6525813473800197]}