{"root": 0.7314342815111141, "majmin": 0.7016958390450668, "mirex": 0.7016958390450668, "third": 0.7016958390450668, "seventh": 0.7016958390450668}