{"root": 0.7330420817074602, "majmin": 0.6945140707393813, "mirex": 0.6945140707393813, "third": 0.6945140707393813, "seventh": 0.6945140707393813}