{"train_losses": [3.0990350395441055, 2.9480843544006348, 2.780521050095558, 2.3442271426320076, 2.012067675590515, 1.771431028842926, 1.5864656642079353, 1.4377626329660416, 1.3684489279985428, 1.3053507506847382, 1.2842266261577606, 1.2431511357426643, 1.158097144216299, 1.2013421431183815, 1.1519847065210342, 1.1822975352406502, 1.1389726772904396, 1.1492555625736713, 1.1429490000009537, 1.1128822900354862, 1.122950665652752, 1.1185446046292782, 1.0994994640350342, 1.0307066887617111, 1.0926816202700138, 1.0177598483860493, 1.0070718340575695, 1.022109016776085, 1.012447401881218, 0.9900088422000408, 1.0403309017419815, 1.0080651566386223, 1.0008177161216736, 0.9699858501553535, 0.9780185259878635, 0.9560919255018234, 1.0212529264390469, 0.9697662070393562, 0.9694994315505028, 0.9324709549546242, 0.9392397627234459, 0.9333617873489857, 0.9677230156958103, 0.9111145883798599, 0.9542529061436653, 0.9124668315052986, 0.9195524714887142, 0.9221901670098305, 0.9023908972740173, 0.8958200477063656, 0.8829753287136555, 0.8991827853024006, 0.8898027911782265, 0.8863214366137981, 0.8928816579282284, 0.9149875715374947, 0.8815061300992966, 0.8548699356615543, 0.865499023348093, 0.8894067890942097, 0.9019998349249363, 0.8681343123316765, 0.8520815260708332, 0.8872361294925213, 0.8786849342286587, 0.8608558438718319, 0.8877736739814281, 0.8555326163768768, 0.8816971890628338, 0.8666491359472275, 0.8506044037640095, 0.8394153378903866, 0.8607523255050182, 0.851280190050602, 0.826706450432539, 0.8299722634255886, 0.8260599933564663, 0.8469308204948902, 0.8153205960988998, 0.8147950358688831, 0.8276682682335377, 0.8862513974308968, 0.8220107853412628, 0.8756099045276642, 0.8751778565347195, 0.8533917106688023, 0.8305937647819519, 0.8394569717347622, 0.8009622544050217, 0.7940527908504009, 0.8139308802783489, 0.8117947690188885, 0.7843391187489033, 0.8125417120754719, 0.8268892094492912, 0.8041514474898577, 0.8771692849695683, 0.8652877733111382, 0.8156252466142178, 0.8141935542225838], "val_losses": [2.9204644389536187, 2.8097269644682434, 2.517299468489899, 2.1207759106296233, 1.8550344746688316, 1.6540083515233006, 1.4790804920525387, 1.4067194639951333, 1.3220368500413566, 1.2908317796115218, 1.229757147273798, 1.2011214898920608, 1.1776245990018734, 1.1634557767846119, 1.1622871907278038, 1.125442209600032, 1.1150935408712803, 1.1074528618790638, 1.0990032279628448, 1.0853419276489609, 1.081454599725789, 1.0567631844816536, 1.0471082905243183, 1.0451116178227566, 1.0284733505084598, 1.0168014093377125, 1.028835128093588, 1.0085324850575677, 1.003791283602002, 1.008475871606805, 1.001739897262091, 0.9844581813647829, 0.9691992299310093, 0.9766269661914343, 0.9646551232228334, 0.9853050674515209, 0.9647707274590416, 0.9676639835039774, 0.9438078821390524, 0.9351959851966507, 0.9614745625134172, 0.9240216780668018, 0.9239958695981695, 0.9274003879092205, 0.9285514022427044, 0.9192932960630833, 0.907726738302187, 0.9209024375197531, 0.9117381678915571, 0.9124165074578647, 0.9091406868792128, 0.9041068420327943, 0.8933743995496597, 0.8797508258929198, 0.8806550300669396, 0.8944989638081913, 0.894139194968103, 0.8866292827430813, 0.8784337886448564, 0.8736114960977401, 0.8694297154059355, 0.8775064818475439, 0.8638355382557573, 0.8648118681606205, 0.8784632881482443, 0.8579434060502327, 0.8705321968286887, 0.859243948569243, 0.8577769412391487, 0.8508161761979948, 0.85216207853679, 0.8553716872615376, 0.852000511925796, 0.8409567567808874, 0.833669732699449, 0.8298711495837946, 0.8382859586299151, 0.8441951658533907, 0.8413396337251554, 0.8355854581827404, 0.8290984079070475, 0.8432117984897789, 0.841031533890757, 0.8357538693937762, 0.8263407818887426, 0.8226738592673992, 0.8534475277210104, 0.8359121913197397, 0.8247587509538935, 0.8159446527903107, 0.819800251859358, 0.81163699462496, 0.8218510712700329, 0.8078204766772259, 0.8140867893723236, 0.8122260625334992, 0.832420409068294, 0.8455748342234513, 0.8343184408785282, 0.8449398457318887], "val_accuracies": [0.12883053273043665, 0.22837735240565182, 0.2029031759575912, 0.3563411651672635, 0.43081861365117546, 0.4843335326565303, 0.5401462673931885, 0.5597196933558188, 0.5815724584612697, 0.592309036059582, 0.6047387410388546, 0.613244690500346, 0.6246178705563805, 0.6310191686207058, 0.6280881098114044, 0.6389523438392335, 0.6392110160779914, 0.6453838763210761, 0.6483821227248601, 0.6425871927007397, 0.6521899796421589, 0.6581478395828995, 0.6596914745661361, 0.6632339404852288, 0.6683015647990755, 0.6695210196389338, 0.666947734770252, 0.6704767631704482, 0.6712124673300321, 0.669945981174036, 0.6703591848801037, 0.6775264215215303, 0.6797436121394546, 0.680227362819729, 0.6777682968616675, 0.676335521409327, 0.6835481096770293, 0.6831920154262717, 0.6849472913321284, 0.6898318294510102, 0.6853218621713687, 0.6926738646976223, 0.6922606609915545, 0.6903995646243878, 0.6903710098967326, 0.6943115623131345, 0.6968109408278855, 0.6950724618206494, 0.6988668812190517, 0.6968109408278855, 0.6998461404086349, 0.7003500473672541, 0.6990768424518097, 0.7056914611286172, 0.7041259901771737, 0.6988349671116725, 0.7031316137788318, 0.7000745782298756, 0.7046534127938617, 0.7041226307974495, 0.7085435745144016, 0.7031064184309009, 0.7092540833260547, 0.7091885754214342, 0.7067849392288208, 0.7126386583981134, 0.7038135678628298, 0.7101661549211553, 0.7116106882025303, 0.7168177267749283, 0.7113251409259794, 0.712655455296734, 0.7115351021587374, 0.715045653970451, 0.7178843298373389, 0.7174173760556851, 0.7176374154276155, 0.7136330347964552, 0.7121011576422529, 0.7146744425109348, 0.717204055443203, 0.7089131062840557, 0.7170881568427205, 0.7189492532098873, 0.7154924514737598, 0.7191608941325074, 0.7118340869541848, 0.715309365278795, 0.7165036247707224, 0.719626168224299, 0.7187073778697501, 0.7225337113755316, 0.7210673421259499, 0.7235650409508388, 0.7223556642501529, 0.7227772664055309, 0.7169050706477555, 0.7080463863152308, 0.7188787062356806, 0.7155982719350699]}