{"root": 0.7097415788155187, "majmin": 0.6710225050338476, "mirex": 0.6710225050338476, "third": 0.6710225050338476, "seventh": 0.6710225050338476}