{"train_losses": [3.0336746275424957, 2.7855376452207565, 2.2680176347494125, 1.746156468987465, 1.4632500112056732, 1.343519426882267, 1.2688694596290588, 1.2211257219314575, 1.1775503382086754, 1.1757312789559364, 1.1563751921057701, 1.1281371042132378, 1.0416547544300556, 1.0740684494376183, 1.031450878828764, 1.0653925277292728, 1.0285763964056969, 1.0370971783995628, 1.0435876958072186, 1.0216555185616016, 1.0308736003935337, 1.0321959592401981, 1.0025272704660892, 0.9287678636610508, 0.9869285598397255, 0.9087302535772324, 0.9067782126367092, 0.9199733771383762, 0.9253783971071243, 0.8932826332747936, 0.9372901767492294, 0.9078464321792126, 0.9052423611283302, 0.8628836274147034, 0.8796558827161789, 0.8694834671914577, 0.9307675920426846, 0.9009480625391006, 0.8863775208592415, 0.8505139499902725, 0.8668287172913551, 0.839794859290123, 0.8892422281205654, 0.8339375592768192, 0.8702031746506691, 0.8367970064282417, 0.8463056944310665, 0.861625250428915, 0.8357612490653992, 0.8311951607465744, 0.8173296898603439, 0.8489429913461208, 0.8441515937447548, 0.8688398264348507, 0.882474061101675, 0.9092208631336689, 0.8692375980317593, 0.8659895546734333, 0.9048151560127735, 1.0246239341795444, 1.0731190256774426, 1.4333517402410507, 3.0794525295495987, 3.038516119122505, 3.035623550415039, 3.018087685108185, 2.987236902117729, 2.9968543648719788, 3.0296279042959213, 3.023391216993332, 3.0173343271017075, 3.03009931743145, 3.0576717108488083, 3.0483781695365906, 3.017239034175873, 3.0551270246505737, 3.0438112169504166, 3.0267218947410583, 2.9938696920871735, 3.005228102207184, 2.950611934065819, 2.9496123045682907, 2.8763394504785538, 2.839805483818054, 2.621846854686737, 2.316667288541794, 1.9040517285466194, 1.6528346985578537, 1.4013288542628288, 1.2602115087211132, 1.2214744836091995, 1.1548318713903427, 1.1075662411749363, 1.0795801877975464, 1.0731352418661118, 1.003892920911312, 1.0653955787420273, 1.02830084040761, 0.9691906645894051, 0.9585253708064556], "val_losses": [2.8719315830318406, 2.461882485740486, 1.9212924132401916, 1.5456573134181144, 1.3802784427829173, 1.3089995397918526, 1.2394921985165825, 1.210501564645219, 1.2059839641910859, 1.1826509148225017, 1.0937018867196708, 1.0829621580825455, 1.0497319465396049, 1.0491042596170272, 1.0646479842306553, 1.013169053642229, 0.9984315791349302, 0.9954484838178788, 0.9853162114647613, 0.9747570999737444, 0.9622384576961912, 0.963064641788088, 0.9469588803148817, 0.9325534954838369, 0.921029138153997, 0.924716689120764, 0.9203267385219706, 0.9037078142851248, 0.8900968377617584, 0.9011210480640675, 0.9059415158184095, 0.8944088707025024, 0.8711977392092518, 0.8871513289966803, 0.8776046942020285, 0.9131957522068901, 0.9225690741648619, 0.8983164861284453, 0.8656163338957161, 0.8601694459887756, 0.8606245298495238, 0.8476686460533361, 0.8567478129233437, 0.8440204125711288, 0.8551689591901056, 0.8353602057215811, 0.8413514871706907, 0.8426711877872204, 0.8464650542571627, 0.8496378913693045, 0.8658977585962448, 0.8644781345608591, 0.8780121292876101, 0.8780469764238117, 0.9074424049635043, 0.8978326539883669, 0.8876055259814207, 0.8999046840886961, 0.998874052502643, 1.0107541536462719, 1.572571463283451, 1.621065757740503, 3.101295758937967, 2.961975284006404, 2.9362758576184853, 2.9516923756435, 2.9470569594153044, 2.967662263190609, 2.9834883733727464, 2.985391213976104, 2.987545657431942, 2.997149700405954, 3.0121504164290154, 3.002967850915317, 3.0059792968048447, 3.0109741413730315, 2.9881372040715712, 2.9596179079735414, 2.9366338746301057, 2.912857565386542, 2.870591851486557, 2.814899899493689, 2.8097958646971604, 2.590688016222811, 2.382922073890423, 2.0566517895665664, 1.7142810588595512, 1.4951670532939079, 1.328507832412062, 1.24831867560573, 1.1826000062898658, 1.1327160288547646, 1.1102644972417546, 1.0646131148283509, 1.0385274195122993, 1.025357221734935, 0.9865470453240406, 0.9879640518933878, 0.9808005615212452, 0.9717716653456633], "val_accuracies": [0.09892533442625154, 0.3094962946041643, 0.41173901650799194, 0.5118636494957571, 0.5660454053763513, 0.5875202402628379, 0.6081048395224306, 0.6209124747206676, 0.6169971176521967, 0.6262774041400996, 0.6478849345256892, 0.645986884981557, 0.6630390964612294, 0.6629567916579883, 0.6540729119775325, 0.6709873888885156, 0.6735993066240249, 0.6748557146408487, 0.6794328695149727, 0.6773181399786343, 0.6843795561587509, 0.6844282671647507, 0.6906515181036973, 0.6918205822476938, 0.6974509026653318, 0.6968630112136095, 0.6985460604553975, 0.6992666474062229, 0.7025151675994544, 0.7011445406720104, 0.6969469957067127, 0.7007481338645632, 0.7085956449001256, 0.7034188407452447, 0.7017021977062156, 0.6954957436658895, 0.690483549117491, 0.7019037604896632, 0.7035515362443479, 0.7071309553404059, 0.7099679515174319, 0.7144812781767974, 0.7078599407405417, 0.7133844406968697, 0.7091415441052964, 0.7152707324119675, 0.7143972936836942, 0.7146962784791416, 0.7158586238636898, 0.7101711939907416, 0.7111941251167384, 0.7137405349476272, 0.7063633370734428, 0.7042250918790355, 0.6912780424222471, 0.6896067510094936, 0.7045979830284136, 0.7005432117013914, 0.6654108185464636, 0.6684812916143164, 0.4974603089285594, 0.5179659627646351, 0.08176562279540706, 0.07946780706410368, 0.11587676451420009, 0.08921504733366031, 0.10329588744734172, 0.09050168976800124, 0.0758598332403905, 0.0917211446078596, 0.08186640418713088, 0.08403488379905534, 0.08004226099692953, 0.09223848908537528, 0.08021358936286004, 0.07702385831480076, 0.09551220462653776, 0.11241996277807266, 0.11912528470743163, 0.1297493230849856, 0.141752386839294, 0.15300966829484605, 0.1691111753125903, 0.23414036832239296, 0.2867432157326471, 0.363824183502758, 0.4627915101755612, 0.5227799539093102, 0.5685061510242749, 0.595911970813709, 0.6109233591109737, 0.6280813910519562, 0.6389607422885438, 0.6500718907260963, 0.6578824485846934, 0.6606976087935124, 0.6709302794332055, 0.6674835558362504, 0.6726570006114071, 0.6827603351317213]}