{"root": 0.6577792618217322, "majmin": 0.6095295060916651, "mirex": 0.6095295060916651, "third": 0.6095295060916651, "seventh": 0.6095295060916651}