{"train_losses": [3.2104542553424835, 3.1920045763254166, 3.172256365418434, 3.140727162361145, 3.103083461523056, 3.039963349699974, 2.9800973683595657, 2.9746660739183426, 2.976742208003998, 2.9479774981737137, 2.9265471547842026, 2.9123526364564896, 2.8773926943540573, 2.8543355017900467, 2.811844974756241, 2.7596562653779984, 2.697605401277542, 2.6537794321775436, 2.5776580423116684, 2.507262110710144, 2.4435494244098663, 2.406750276684761, 2.359393537044525, 2.269274115562439, 2.2604286074638367, 2.1802655458450317, 2.1502495110034943, 2.1156395748257637, 2.094961978495121, 2.038895934820175, 2.057092435657978, 2.044495791196823, 1.991115689277649, 1.9660225957632065, 1.9609313011169434, 1.9536510482430458, 1.959041565656662, 1.9005175232887268, 1.9060789868235588, 1.8636714443564415, 1.855167143046856, 1.843013621866703, 1.8748872056603432, 1.8021663576364517, 1.8251207619905472, 1.7812811732292175, 1.7785655781626701, 1.7593947052955627, 1.744170144200325, 1.7079857215285301, 1.6830173954367638, 1.6806472837924957, 1.6690095737576485, 1.6281859278678894, 1.6188530325889587, 1.6043479070067406, 1.5877780318260193, 1.5427127107977867, 1.5460931733250618, 1.5338689237833023, 1.511509709060192, 1.497670866549015, 1.461432658135891, 1.4962739646434784, 1.4841431602835655, 1.4394449070096016, 1.4446081295609474, 1.414638713002205, 1.4107401818037033, 1.4228795766830444, 1.4051245748996735, 1.4076333791017532, 1.3989972323179245, 1.3771386221051216, 1.3376823589205742, 1.3489310592412949, 1.3471658006310463, 1.3432202264666557, 1.310545276850462, 1.3276718780398369, 1.3190685585141182, 1.3787003308534622, 1.3226962015032768, 1.3433870151638985, 1.3456962779164314, 1.3180087134242058, 1.287154771387577, 1.3079795464873314, 1.258412130177021, 1.2484099231660366, 1.2683008536696434, 1.2599915713071823, 1.2256163731217384, 1.266708381474018, 1.262070208787918, 1.2494669780135155, 1.302141934633255, 1.2602571994066238, 1.195493221282959, 1.2414658889174461], "val_losses": [3.19724798476559, 3.1748967115906463, 3.1454377996510474, 3.10141335958722, 3.0371436935731735, 2.953134528521834, 2.9117138056919494, 2.89465532905754, 2.885063766062945, 2.8692953641387238, 2.8543173800939803, 2.8309235134343993, 2.807795110790209, 2.7688977005837976, 2.7203663984934487, 2.669263954820304, 2.6177482248722823, 2.5690554695567864, 2.498463488173211, 2.4377910693486533, 2.3792642903053896, 2.3303796765448035, 2.276036452973026, 2.2189872251159843, 2.171016516356633, 2.1284139334470376, 2.0895745658326423, 2.0597975911765265, 2.035390141366542, 2.01620312394767, 1.9864482345252201, 1.9715967192046944, 1.9453917097771305, 1.9301340210026707, 1.9132231679455987, 1.9018905765708836, 1.8831464216626923, 1.870393391313224, 1.857628111181588, 1.8395157230311427, 1.8345218513203763, 1.8166302099995228, 1.7981472604576199, 1.7788943915531552, 1.77479319462831, 1.7551998256266803, 1.7288998749064304, 1.714392934722462, 1.697307102981655, 1.6876295804977417, 1.6588808736581913, 1.6434535898011307, 1.6262163745945897, 1.6075469419873993, 1.5904187580634808, 1.570229992099192, 1.5539938142929954, 1.5395181158493305, 1.517785570402255, 1.499461152087683, 1.483799173229042, 1.475405265545023, 1.4597819721561738, 1.4492859689668678, 1.4378193219502766, 1.4277678111503864, 1.4246735655028244, 1.4125638487695278, 1.398978234707624, 1.3913539942653699, 1.3857684786292328, 1.381749860856725, 1.3693791257924046, 1.36766619997463, 1.3585142561759072, 1.3489730967872444, 1.3451542587115848, 1.337603480651461, 1.3341228496069195, 1.3239411554117313, 1.3174170810600807, 1.3120517771819542, 1.3098042155134266, 1.3011752408126305, 1.3007730142823581, 1.2970240492930358, 1.2862589715541095, 1.2830341615896115, 1.2754124067295556, 1.2770864340080612, 1.2678205720309554, 1.2643044851292138, 1.257338022363597, 1.2592033086151913, 1.258926179217196, 1.254256604731768, 1.2474686270472648, 1.2431269411383004, 1.2364154588217022, 1.2351826826731365], "val_accuracies": [0.08079812143485826, 0.08388203202160753, 0.11159859443552342, 0.15971666991406708, 0.14831661482023958, 0.0978906454712202, 0.11102078112297345, 0.12691904566740797, 0.1284878759985756, 0.1272163507729933, 0.16879203423879816, 0.1919683949555554, 0.1836656879673737, 0.2229721104295303, 0.23235149861929494, 0.24186358230816263, 0.24114971411678549, 0.2505442195153087, 0.2571924319893575, 0.2680801816752555, 0.2715621787593139, 0.2924692784724229, 0.316010131889248, 0.3311307000275469, 0.34000282187896824, 0.35448510786968296, 0.355328312180439, 0.3568064392590552, 0.36124585956449, 0.35911601281939304, 0.36699375827247255, 0.37503779302189644, 0.3791832676014701, 0.3781217036086457, 0.3839031961138695, 0.3926493412256361, 0.39560223600314437, 0.4012325564207825, 0.40342791107049997, 0.4092178020250341, 0.41079167142578793, 0.4187433232327983, 0.4243954796186432, 0.42990150298648855, 0.431989357485034, 0.4420658169675551, 0.4502492659755303, 0.4559400552282027, 0.4650070211036234, 0.46767940767416705, 0.47299730577746124, 0.4761181695411759, 0.48302505425398257, 0.4889778751251369, 0.4963349167209766, 0.5034635204955757, 0.5072579398939779, 0.5128966587609264, 0.5197010823921471, 0.5248207770917178, 0.530219300308391, 0.5343043060529303, 0.5370422005280945, 0.543367912548627, 0.5446797503308989, 0.5489243266123343, 0.5485128025961287, 0.5527489804282537, 0.5552685152213496, 0.5580803160504444, 0.5609794607523667, 0.5632991124518769, 0.5675554465623467, 0.5666601718658667, 0.5701808018167526, 0.5720754919811606, 0.5732815093021224, 0.5757288174311496, 0.5758279191330112, 0.578476790045486, 0.5815607006322353, 0.5831547263113339, 0.584868009970639, 0.5873707478651142, 0.5885196557307659, 0.5906511821657249, 0.5932513420721998, 0.5938157178658533, 0.5953627122288141, 0.5935620846966816, 0.5968777924843957, 0.5987136935036315, 0.6013760019350027, 0.6006268602565222, 0.6015826037880366, 0.6025484254587233, 0.60624878222485, 0.6055214765145763, 0.6054223748127145, 0.6067946814300208]}