{
    "root": 0.7374720284890429,
    "majmin": 0.7048097607105519,
    "mirex": 0.7048097607105519,
    "third": 0.7048097607105519,
    "seventh": 0.7048097607105519
}