{"train_losses": [3.0335028171539307, 2.7812396585941315, 2.2556985169649124, 1.7297226935625076, 1.4497527182102203, 1.334576852619648, 1.2573625668883324, 1.2115715146064758, 1.169313721358776, 1.1618393138051033, 1.1457583047449589, 1.1175378859043121, 1.032377801835537, 1.0614216029644012, 1.0180192776024342, 1.0522273890674114, 1.0143692046403885, 1.0176505036652088, 1.0259509421885014, 1.0070401430130005, 1.0184464827179909, 1.018825240433216, 0.9846673049032688, 0.9114030301570892, 0.9732089005410671, 0.8914177939295769, 0.8897885829210281, 0.902058370411396, 0.9083562530577183, 0.8774085082113743, 0.9180568605661392, 0.8808341883122921, 0.8801047317683697, 0.8448238596320152, 0.8734880834817886, 0.8531268574297428, 0.9157704524695873, 0.873429823666811, 0.8695218525826931, 0.8348045572638512, 0.8302111439406872, 0.8231780827045441, 0.8516152054071426, 0.7970639616250992, 0.8406931795179844, 0.8082899190485477, 0.8169292956590652, 0.8268799036741257, 0.80228316411376, 0.8001981899142265, 0.7770810090005398, 0.7815107107162476, 0.7761324867606163, 0.7984681092202663, 0.7962384335696697, 0.8064861036837101, 0.7843861132860184, 0.7547014150768518, 0.7568359896540642, 0.7978867627680302, 0.7991344332695007, 0.7754525430500507, 0.7567599639296532, 0.776152890175581, 0.7527283392846584, 0.7501067481935024, 0.7810499481856823, 0.7632373757660389, 0.7955014817416668, 0.7968483604490757, 0.7487580925226212, 0.7456618584692478, 0.7611535042524338, 0.7452555298805237, 0.7168049737811089, 0.7332435138523579, 0.7217024527490139, 0.7407407164573669, 0.7102371379733086, 0.7117510512471199, 0.7083448432385921, 0.7745141237974167, 0.708244577050209, 0.738005381077528, 0.751375500112772, 0.7379236966371536, 0.7125964947044849, 0.7081883437931538, 0.6804453358054161, 0.6741528026759624, 0.6833783648908138, 0.6773521862924099, 0.6798103079199791, 0.6925996541976929, 0.7081968188285828, 0.6906727273017168, 0.7582863755524158, 0.7345700152218342, 0.677907906472683, 0.6864776350557804], "val_losses": [2.8708989263951095, 2.457185642472629, 1.9045543273289998, 1.5301034060017815, 1.3725738045813023, 1.298017329868229, 1.229370078136181, 1.202417044118903, 1.187384404670233, 1.1685764399068108, 1.0823170337183723, 1.072471739231855, 1.0403500788513271, 1.0456661266842107, 1.0435325743138104, 0.9939529991697991, 0.9836451459205013, 0.9789110840052023, 0.9705458132699988, 0.9561923043481235, 0.9444373565158625, 0.9427391612666777, 0.932872644786177, 0.9188213776582959, 0.9010124401799564, 0.9062947634307817, 0.9034048305160698, 0.894659456507913, 0.8722484146041432, 0.8761091955091761, 0.8817123787841578, 0.8721550737304249, 0.8486856328344893, 0.8706562433434629, 0.8551131003889544, 0.8736911929886917, 0.8730840049255854, 0.8673706452051798, 0.8415314651083672, 0.8337606044336298, 0.834905248606342, 0.8133550152696413, 0.8305590156166033, 0.8147846213702498, 0.8261104688562196, 0.8016367958880019, 0.820522293619726, 0.812596604056742, 0.8217284425921824, 0.8151876203630163, 0.7962234886898392, 0.8195172311930821, 0.798956368161344, 0.7743925024038074, 0.7843363929068905, 0.8022540650148501, 0.7966641502818842, 0.782837011348242, 0.7762790079089417, 0.7728261714694143, 0.7716749029598017, 0.7895488423862677, 0.7688990663522961, 0.7647711538720405, 0.7610195762124555, 0.7468178947081511, 0.7706784068167895, 0.7627073375658057, 0.7662327214219105, 0.7520130845322006, 0.7611460483622277, 0.7631906897857271, 0.7507480602154787, 0.7488112713413677, 0.7407206153047496, 0.7248544655312067, 0.7412187792788977, 0.7431647818664024, 0.7361270901800572, 0.7226148408719864, 0.7165034002271192, 0.7348164265183197, 0.7349562463404118, 0.7484079051291805, 0.7305249345713648, 0.7128087148584169, 0.7236020445138559, 0.7160026533850308, 0.7049338988874151, 0.7009483688864214, 0.6941067035170807, 0.6997270820469692, 0.7079235945624867, 0.6952162991309988, 0.6910169062943294, 0.7187754628302037, 0.7484261102374943, 0.7290621845201514, 0.7052569331108839, 0.6974420180951042], "val_accuracies": [0.09911681907052682, 0.30961051351478464, 0.4167159375692872, 0.5168170548989834, 0.5680660722804142, 0.5920554028904104, 0.6106798040809744, 0.6232405248694881, 0.6249773241868621, 0.630970457614706, 0.6514122832360233, 0.6485668886096871, 0.6666420312153564, 0.6640032384420541, 0.6605145225985474, 0.6761238804867069, 0.6783041179276659, 0.6799031826763506, 0.6839713915222694, 0.6840604150849587, 0.6900770641708714, 0.6909672997977654, 0.6941872652633417, 0.696296955730094, 0.7023119251261447, 0.7012234860955273, 0.7024815738022132, 0.7021456358298004, 0.7080497456949549, 0.7077725968677143, 0.7036707942245544, 0.7072686899090952, 0.715284169930864, 0.7085435745144016, 0.7082328318899198, 0.7055470078004797, 0.7030123557986253, 0.7100099437639834, 0.712337993912804, 0.7159392489770688, 0.716468351283619, 0.726568326424209, 0.7160417100586548, 0.7217711321781546, 0.7183395257899582, 0.7263650839508993, 0.7216871476850514, 0.7240924635675269, 0.7207935526784335, 0.7219760543413264, 0.7306650899977828, 0.726175278996486, 0.7274820777091717, 0.7349734944939766, 0.7300990345142673, 0.7216283585398792, 0.7277726640553088, 0.7300839173055087, 0.730935520065575, 0.7322943891639848, 0.7331493513037752, 0.7267010219233121, 0.7346526737303224, 0.7362550978587313, 0.7403669786410637, 0.7426261615055396, 0.732695835041018, 0.7357293549319054, 0.7339791180956349, 0.7411362765978889, 0.7351750572774243, 0.7353950966493547, 0.7393541256542392, 0.7426715131318153, 0.7439581555661563, 0.7466557374846309, 0.7454178060562897, 0.7418971761054038, 0.7447728051492573, 0.7487116778757971, 0.7507659385771012, 0.7418585432385765, 0.7453237434240142, 0.7435600690688471, 0.7449105397179465, 0.753814575676747, 0.7504064849466194, 0.7521987140294416, 0.7536398879310924, 0.7549735616815711, 0.7581834490079752, 0.7574023932221154, 0.7523498861170274, 0.7565860639491524, 0.7616352116745164, 0.750235156580689, 0.7424833878672642, 0.7429016306429181, 0.7520693779100627, 0.7569304003708756]}