{
    "root": 0.6175850080999299,
    "majmin": 0.5449940534459805,
    "mirex": 0.6187648323868875,
    "third": 0.5730337457820464,
    "seventh": 0.4049979159247017
}