{"train_losses": [4.416554927825928, 3.8331426084041595, 3.7067815363407135, 3.5060354322195053, 2.9059474170207977, 2.4342992305755615, 2.1542385667562485, 2.06564774364233, 1.941021978855133, 1.8994645476341248, 1.8736386448144913, 1.844497874379158, 1.7513613179326057, 1.7162248864769936, 1.6945708394050598, 1.7028529345989227, 1.6707054376602173, 1.6112426966428757, 1.626491256058216, 1.627279832959175, 1.5952097848057747, 1.5948965698480606, 1.531396545469761, 1.5617225468158722, 1.566583476960659, 1.4916682802140713, 1.4764971360564232, 1.490239106118679, 1.4384810402989388, 1.4848584905266762, 1.5082758218050003, 1.5116523429751396, 1.4801424890756607, 1.4567229971289635, 1.4284954145550728, 1.37114068120718, 1.3795867934823036, 1.4555898606777191, 1.392401359975338, 1.3553254641592503, 1.4035126939415932, 1.3481241539120674, 1.3854737132787704, 1.3381523042917252, 1.3790733739733696, 1.3667602613568306, 1.4150592908263206, 1.298551619052887, 1.3145095184445381, 1.3638302758336067, 1.4100376069545746, 1.3298382796347141, 1.353801541030407, 1.3597017228603363, 1.3258442059159279, 1.3385858833789825, 1.3879764378070831, 1.4686972722411156, 1.4648761674761772, 1.5542526468634605, 1.6873809248209, 1.9496751576662064, 3.8444128781557083, 3.832526445388794, 3.7999163419008255, 3.783814936876297, 3.7937868535518646, 3.8165941387414932, 3.7930693477392197, 3.7839987725019455, 3.8034928888082504, 3.801898255944252, 3.7857159674167633, 3.7721237242221832, 3.8407769203186035, 3.823926165699959, 3.819210425019264, 3.813565656542778, 3.7719642966985703, 3.7960648983716965, 3.7691925019025803, 3.787388324737549, 3.7930807024240494, 3.750150427222252, 3.678178921341896, 3.6617977172136307, 3.626973569393158, 3.5398906022310257, 3.4456235468387604, 3.2762448638677597, 2.9778860211372375, 2.7167921513319016, 2.4961617290973663, 2.3401879519224167, 2.209788464009762, 2.0718882977962494, 1.9734278842806816, 1.876120075583458, 1.833191268146038, 1.8196832239627838], "val_losses": [3.783246289724591, 3.650965471377318, 3.53214919430086, 3.0979793592431077, 2.5747269857888933, 2.2466173829703497, 2.0543085747751695, 1.9104087763819202, 1.8552325155543186, 1.8204309118205104, 1.793666241497829, 1.743826994950744, 1.7160509612368442, 1.6823965975607948, 1.669930983548877, 1.641968222185113, 1.6222951679394162, 1.625721754013807, 1.6112106647984734, 1.550943892577599, 1.5394482112478935, 1.5440969611036366, 1.54667663779752, 1.5083948654690007, 1.4983144286035122, 1.4765978962525554, 1.4575203451617011, 1.4580012820232873, 1.4563313852781536, 1.444553221779308, 1.4139619353173793, 1.4207173572189506, 1.4147626326001923, 1.409051380623346, 1.3931377358820247, 1.3888257173286087, 1.3789988098473385, 1.3562563205587452, 1.360079717362064, 1.3724846846755894, 1.3609627649701874, 1.334958597161304, 1.3275323811618762, 1.345872028120633, 1.3264347897178825, 1.3567217985788982, 1.3103301785458092, 1.344526806782032, 1.358253733865146, 1.3439181193538097, 1.3273624517451759, 1.339696242891509, 1.33317323799791, 1.352182954207234, 1.318311080850404, 1.3514848741991767, 1.407004498887336, 1.4193334284870105, 1.4462416144623154, 1.6150550718965202, 1.8476133442473137, 2.2655497679765197, 3.7612834497429857, 3.6960041057104354, 3.7112417138856033, 3.7068677167782838, 3.739853351965718, 3.7346997891349356, 3.737061127849009, 3.730922509884012, 3.7427017716155655, 3.7533374325982454, 3.7560471638865853, 3.756592703961778, 3.7576831866954934, 3.7558444204001593, 3.7644983297106864, 3.739136040895835, 3.7262439864805375, 3.734369256030554, 3.6971473556825485, 3.6825782320965295, 3.6496742621235465, 3.6415273403299264, 3.5871953251718103, 3.5576358745838035, 3.4824747107494836, 3.349721864722241, 3.2310799319168617, 3.041670682786525, 2.7858150526024827, 2.5442488673089563, 2.366687512945855, 2.202580910989608, 2.0950682259154045, 1.9918362601050015, 1.9006845170053943, 1.8523451829778736, 1.772622355784493, 1.7518282621756367], "val_accuracies": [0.08094257476299577, 0.14469184409790575, 0.17096723261017086, 0.31153375840684777, 0.38208073261353026, 0.4316668570315177, 0.47402527597304434, 0.49509362591291145, 0.5012412908080652, 0.5079768471549413, 0.5057848518849479, 0.5218258900676579, 0.5253901919549574, 0.5349862601369283, 0.5389116953445716, 0.5358126675490638, 0.5453230715480694, 0.5386815778334688, 0.5418192384958042, 0.5549880070143849, 0.5571329709682404, 0.5478190906830963, 0.557515940256791, 0.5574420339028602, 0.5652895449384225, 0.5678913845347595, 0.564617668993597, 0.572796078931986, 0.5692166598359278, 0.5719696715198506, 0.5797869481378958, 0.5779090548721084, 0.578844642125278, 0.5814851145884424, 0.5834889845938845, 0.5833596484745057, 0.5800338625476192, 0.5932496623823377, 0.5890873909041434, 0.5893175084152462, 0.589204969194488, 0.5967652532636374, 0.5954466967219173, 0.59262481775365, 0.5931404825413036, 0.588863992152489, 0.5994846711503188, 0.5899490718033822, 0.5840164072105727, 0.5977394733836344, 0.5983172866961844, 0.5964813856769486, 0.5969987301544643, 0.5863629339478759, 0.6004336959223849, 0.5876260607241479, 0.5787522591828644, 0.5752585042697717, 0.570955138843164, 0.5309768404361819, 0.4832031013793613, 0.4074222135624878, 0.06576657685924871, 0.07967608860699961, 0.07855405577914094, 0.06848095567634392, 0.07125076425888724, 0.05794930024120346, 0.06458407519635574, 0.07414822927094741, 0.07374342401419003, 0.06493513037752709, 0.06760415756834658, 0.05793418303244489, 0.06054442107809214, 0.06795017367993174, 0.06568595174586964, 0.07673159227880164, 0.08791328769056081, 0.09198989498578983, 0.09873888885156244, 0.10355455968609956, 0.11840133837688209, 0.12334634533079812, 0.13191948238677212, 0.14789501266486155, 0.16479773174681026, 0.21299307295900885, 0.24676323763580293, 0.2771034756142626, 0.3310903874708574, 0.37807635198237, 0.40921444264531, 0.43924225830942576, 0.45803294879633427, 0.4701653486700216, 0.4845938845851502, 0.4985722636172457, 0.5080641910277687, 0.513647480129269]}