{
    "root": 0.5249504057484222,
    "majmin": 0.4694332065637272,
    "mirex": 0.5915666717040065,
    "third": 0.49636686510096595,
    "seventh": 0.3423765220409585
}