{"train_losses": [4.400006249547005, 3.7966800332069397, 3.678997054696083, 3.498449683189392, 2.9556712061166763, 2.5071204751729965, 2.224936358630657, 2.1104550510644913, 1.9810908064246178, 1.9455919936299324, 1.9181950315833092, 1.881824940443039, 1.7840162515640259, 1.747702695429325, 1.7158122286200523, 1.719297468662262, 1.6746125668287277, 1.6298269107937813, 1.6597225069999695, 1.656173251569271, 1.6279817894101143, 1.6115953847765923, 1.558387041091919, 1.5733749493956566, 1.5757340043783188, 1.5094951838254929, 1.488463431596756, 1.5080364048480988, 1.4599819704890251, 1.5050100088119507, 1.5027346685528755, 1.5074597522616386, 1.4727472960948944, 1.4508522227406502, 1.4491142705082893, 1.4199542477726936, 1.3849232979118824, 1.4671546295285225, 1.402819812297821, 1.3687116727232933, 1.408994972705841, 1.369267612695694, 1.390094704926014, 1.354423075914383, 1.352709747850895, 1.3525184616446495, 1.383340910077095, 1.274012304842472, 1.294074159115553, 1.3175733238458633, 1.3416335731744766, 1.2732072807848454, 1.3304059281945229, 1.3068546578288078, 1.2661695033311844, 1.2664246410131454, 1.3080047145485878, 1.288234256207943, 1.3045955710113049, 1.3128594681620598, 1.2551020309329033, 1.2677566856145859, 1.2868538051843643, 1.284220241010189, 1.2290530763566494, 1.2141236029565334, 1.2035925537347794, 1.2565532699227333, 1.2257391512393951, 1.2002688646316528, 1.2247012555599213, 1.1665586866438389, 1.197928786277771, 1.2107632607221603, 1.198249239474535, 1.2320522218942642, 1.1914508789777756, 1.1820337250828743, 1.160185120999813, 1.1537513583898544, 1.2038352228701115, 1.1888699010014534, 1.1756271049380302, 1.1992412954568863, 1.1735729165375233, 1.1046646423637867, 1.154150489717722, 1.1266636326909065, 1.191727191209793, 1.1678273156285286, 1.21768007427454, 1.1520341783761978, 1.1424775570631027, 1.121817383915186, 1.157648280262947, 1.1144735217094421, 1.0631095506250858, 1.0761327669024467, 1.0931079648435116, 1.122170329093933], "val_losses": [3.730708862173146, 3.583718031302266, 3.4771685435854156, 3.1243765984458487, 2.6376451801979677, 2.310210728097236, 2.127340218116497, 1.9554806385917225, 1.885013354235682, 1.8552759433614796, 1.8088588303533093, 1.7696050679546662, 1.7384211633397244, 1.7049063635968613, 1.6933164740430897, 1.6587147527727588, 1.6319050912199349, 1.6830341720032966, 1.6164311615900062, 1.5764184450281078, 1.5679533125340253, 1.5671256568240024, 1.5541091705190724, 1.5344584111509652, 1.5043738107571656, 1.4902997702017597, 1.480954910146779, 1.4625169819798962, 1.4757094259919792, 1.4612165305806302, 1.4298664372542809, 1.4413527716165302, 1.4115749994913738, 1.4080638659411464, 1.4016738054396092, 1.399942803656918, 1.3951329164121342, 1.3770022474486252, 1.3684416331093887, 1.3815931931309315, 1.372584162772387, 1.3511429463309803, 1.338927432723429, 1.3547174903168075, 1.3324021573724418, 1.3335409369961968, 1.3049912308824474, 1.314125383722371, 1.295172159014077, 1.2865648050417846, 1.2984512352395332, 1.2929380686803795, 1.2862275023570007, 1.2844979276602295, 1.2914946298489625, 1.287279754534535, 1.2573721210161846, 1.273048840720078, 1.2629547811102593, 1.2425702632158653, 1.235708323703415, 1.2464742886609044, 1.2431350192804447, 1.2356654535764935, 1.2286945047049687, 1.2062981834356812, 1.2076691135592845, 1.2235118993397416, 1.2121850471386963, 1.2054163998570935, 1.187185194300509, 1.211991822582552, 1.1852849201224316, 1.1932202420015445, 1.179482083211, 1.1946415024242183, 1.1833341793082226, 1.1934559550778618, 1.1649468013609963, 1.1759389022300983, 1.1859347018702278, 1.168380418043027, 1.143606214687742, 1.1734317246524768, 1.1581726320858658, 1.1484888017862693, 1.1263902660073906, 1.1258741432222827, 1.1160293036493762, 1.1795131934100185, 1.1879870405142334, 1.131451940399477, 1.117539377048098, 1.122981661352618, 1.1265745169814976, 1.1143973127178761, 1.1029453729761058, 1.1062693801419488, 1.095951994260152, 1.1044239182581848], "val_accuracies": [0.0809828873196853, 0.1334547189206985, 0.16360011287515874, 0.29286568527986995, 0.32956858845582754, 0.40805713633034796, 0.43615666803281444, 0.45469540504041334, 0.4753673481728334, 0.4808968871987476, 0.4832837264927404, 0.49398671029381136, 0.5017653540450291, 0.5121458373925838, 0.5105114991567957, 0.5163719370855365, 0.5197296371198022, 0.5072041898183919, 0.5205762008102824, 0.5288705093491538, 0.5306845744001828, 0.5208415918084884, 0.5336038753804497, 0.5347343066576188, 0.5437172880399364, 0.5479920987388889, 0.5467508079308236, 0.5530714808817699, 0.5492535458252988, 0.551757963409636, 0.5553441012651424, 0.5581088707780996, 0.565299623077595, 0.5659815771615929, 0.5693443162654448, 0.5656002875629044, 0.5671842351028306, 0.573664478590673, 0.5712893971257147, 0.5713280299925422, 0.5711096703104739, 0.5765703420520435, 0.5781274145541767, 0.5736241660339835, 0.5801783158757567, 0.5834453126574709, 0.5907805182851038, 0.5857431283887743, 0.5898146966144171, 0.5984264665372185, 0.589468680502832, 0.5902816503960708, 0.598278653829357, 0.5948840006181259, 0.5955457984237791, 0.5936124753925435, 0.6048680771582335, 0.5990899440327337, 0.5978704891928754, 0.6052762417947151, 0.6098685138775977, 0.6025836989458266, 0.607668120158294, 0.6100851938698039, 0.611405430101386, 0.6174640714338504, 0.6189455578921907, 0.614323051391791, 0.6146287549466867, 0.6148874271854445, 0.6227970867459033, 0.6157356705657867, 0.6210401311501844, 0.6154114904224084, 0.6254325201394815, 0.6206319665137029, 0.6216565773295619, 0.6213340768760456, 0.6291731894622977, 0.6246111517969322, 0.6248278317891385, 0.6276497107574057, 0.6377496858979957, 0.6295830337886412, 0.6322218265619436, 0.6344826891162816, 0.6418094962946042, 0.6424209034043954, 0.6464672762821073, 0.6215893897350793, 0.6194427460913617, 0.6395721493983351, 0.6436554754530124, 0.6427702788957047, 0.6404859006832978, 0.6448866881219052, 0.6488305999180312, 0.6467948158052097, 0.6505875555137499, 0.6441610621014936]}